Name,Country,Source Site,Category,Image URL,Filename
"ブラザー工業株式会社","Japan","Brother Japan","Logo","https://www.brother.co.jp/-/media/cojp/common/img/header/logo_brother.ashx","logo_brother.ashx"
"ブラザーオンライン(ユーザー登録)","Japan","Brother Japan","Marketing Asset","https://www.brother.co.jp/-/media/cojp/common/img/header/button_login.ashx","button_login.ashx"
"検索","Japan","Brother Japan","Icon / UI","https://www.brother.co.jp/-/media/cojp/common/img/header/button_search.ashx","button_search.ashx"
"Search","Japan","Brother Japan","Icon / UI","https://www.brother.co.jp/-/media/cojp/common/img/header/button_search4.ashx","button_search4.ashx"
"[新しいウィンドウ]","Japan","Brother Japan","Icon / UI","https://www.brother.co.jp/-/media/cojp/common/img/link_icon/new_win.ashx","new_win.ashx"
"製品に関する重要なお知らせ","Japan","Brother Japan","Icon / UI","https://www.brother.co.jp/-/media/cojp/common/img/header/icon_important.ashx","icon_important.ashx"
"プリンター・複合機","Japan","Brother Japan","Product Image","https://www.brother.co.jp/-/media/cojp/common/img/header/pic_home_printers.ashx","pic_home_printers.ashx"
"家庭用ミシン","Japan","Brother Japan","Marketing Asset","https://www.brother.co.jp/-/media/cojp/common/img/header/pic_home_sawing_machines.ashx","pic_home_sawing_machines.ashx"
"工作機械","Japan","Brother Japan","Marketing Asset","https://www.brother.co.jp/-/media/cojp/common/img/header/pic_industry_machines.ashx","pic_industry_machines.ashx"
"工業用ミシン","Japan","Brother Japan","Marketing Asset","https://www.brother.co.jp/-/media/cojp/common/img/header/pic_industry_sawing_machines.ashx","pic_industry_sawing_machines.ashx"
"あなたの課題を解決するビジネス製品","Japan","Brother Japan","Banner / Campaign","https://www.brother.co.jp/-/media/cojp/home/img/top-busines-banner.ashx","top-busines-banner.ashx"
"暮らしを豊かにする家庭向け製品","Japan","Brother Japan","Marketing Asset","https://www.brother.co.jp/-/media/cojp/home/img/brother-home-pc.ashx","brother-home-pc.ashx"
"製造現場を支える工作機械","Japan","Brother Japan","Marketing Asset","https://www.brother.co.jp/-/media/cojp/home/img/carousal-small-industry.ashx","carousal-small-industry.ashx"
"プリンター","Japan","Brother Japan","Product Image","https://www.brother.co.jp/-/media/cojp/home/img/lineup-printer2.ashx","lineup-printer2.ashx"
"家庭用ミシン","Japan","Brother Japan","Marketing Asset","https://www.brother.co.jp/-/media/cojp/home/img/lineup-hsm.ashx","lineup-hsm.ashx"
"工作機械","Japan","Brother Japan","Marketing Asset","https://www.brother.co.jp/-/media/cojp/home/img/lineup-machine.ashx","lineup-machine.ashx"
"工業用ミシン","Japan","Brother Japan","Marketing Asset","https://www.brother.co.jp/-/media/cojp/home/img/lineup-ism.ashx","lineup-ism.ashx"
"ラベルプリンター","Japan","Brother Japan","Product Image","https://www.brother.co.jp/-/media/cojp/home/img/lineup-labelprinter.ashx","lineup-labelprinter.ashx"
"商用・大判プリンター","Japan","Brother Japan","Marketing Asset","https://www.brother.co.jp/-/media/cojp/home/img/lineup-garment.ashx","lineup-garment.ashx"
"モバイルプリンター","Japan","Brother Japan","Product Image","https://www.brother.co.jp/-/media/cojp/home/img/lineup-mwprinter.ashx","lineup-mwprinter.ashx"
"カッティングマシン","Japan","Brother Japan","Marketing Asset","https://www.brother.co.jp/-/media/cojp/home/img/lineup-cuttingmachine.ashx","lineup-cuttingmachine.ashx"
"製品に関する重要なお知らせ","Japan","Brother Japan","Icon / UI","https://www.brother.co.jp/-/media/cojp/common/img/important_icon/icon_important.ashx","icon_important.ashx"
"[新しいウィンドウ]","Japan","Brother Japan","Icon / UI","https://www.brother.co.jp/-/media/cojp/common/img/link_icon/new_win","new_win"
"[PDF]","Japan","Brother Japan","Icon / UI","https://www.brother.co.jp/-/media/cojp/common/img/link_icon/01_pdf","01_pdf"
"ビジネスNAVI","Japan","Brother Japan","Marketing Asset","https://www.brother.co.jp/-/media/cojp/home/img/bnr-prt-nv.ashx","bnr-prt-nv.ashx"
"ビジネスはじめるナビ","Japan","Brother Japan","Marketing Asset","https://www.brother.co.jp/-/media/cojp/home/img/bnr-business-start-navi.ashx","bnr-business-start-navi.ashx"
"NEXIO スペシャルサイト","Japan","Brother Japan","Marketing Asset","https://www.brother.co.jp/-/media/cojp/home/img/bnr-nexio.ashx","bnr-nexio.ashx"
"SPEEDIO マシナビ","Japan","Brother Japan","Marketing Asset","https://www.brother.co.jp/-/media/cojp/home/img/bnr-speedio-navi.ashx","bnr-speedio-navi.ashx"
"SDGsスペシャルサイト","Japan","Brother Japan","Marketing Asset","https://www.brother.co.jp/-/media/cojp/home/img/sdgs.ashx","sdgs.ashx"
"Aichi-Nagoya 2026協賛 特設サイト","Japan","Brother Japan","Marketing Asset","https://www.brother.co.jp/-/media/cojp/home/img/aichinagoya.ashx","aichinagoya.ashx"
"Facebook","Japan","Brother Japan","Marketing Asset","https://www.brother.co.jp/-/media/cojp/common/img/sns/button_facebook.ashx","button_facebook.ashx"
"X","Japan","Brother Japan","Marketing Asset","https://www.brother.co.jp/-/media/cojp/common/img/sns/button-x.ashx","button-x.ashx"
"LINE","Japan","Brother Japan","Marketing Asset","https://www.brother.co.jp/-/media/cojp/common/img/sns/button_line.ashx","button_line.ashx"
"日本","Japan","Brother Japan","Marketing Asset","https://www.brother.co.jp/-/media/cojp/common/img/flag/jp.ashx","jp.ashx"
"Go to Global Site","Japan","Brother Japan","Icon / UI","https://www.brother.co.jp/-/media/cojp/common/img/footer/icon_global_site.ashx","icon_global_site.ashx"
"[新しいウィンドウ]","Japan","Brother Japan","Marketing Asset","https://www.brother.co.jp/-/media/cojp/common/img/footer/new_win.ashx","new_win.ashx"
"Global Network","Japan","Brother Japan","Icon / UI","https://www.brother.co.jp/-/media/cojp/common/img/footer/icon_global_network.ashx","icon_global_network.ashx"
"ブラザー工業株式会社","Japan","Brother Japan","Logo","https://www.brother.co.jp/-/media/cojp/common/img/footer/logo_brother.ashx","logo_brother.ashx"
"Brother at your side","Singapore","Brother Singapore","Logo","https://www.brother.com.sg/-/media/ap2/global/menu/logo.svg?rev=74b6da90ccc34b339b35490b0046e6fc","logo.svg"
"user","Singapore","Brother Singapore","Icon / UI","https://www.brother.com.sg/-/media/ap2/Global/Menu/user.svg","user.svg"
"Cart","Singapore","Brother Singapore","Icon / UI","https://www.brother.com.sg/-/media/ap2/HongKong/icons/Cart","Cart"
"search icon","Singapore","Brother Singapore","Icon / UI","https://www.brother.com.sg/-/media/ap2/Global/Menu/search.svg","search.svg"
"hamburger icon","Singapore","Brother Singapore","Icon / UI","https://www.brother.com.sg/-/media/ap2/Global/Menu/hamburger.svg","hamburger.svg"
"left-white-arrow","Singapore","Brother Singapore","Icon / UI","https://www.brother.com.sg/-/media/ap2/Global/Menu/left-white-arrow.sgv","left-white-arrow.sgv"
"white-close","Singapore","Brother Singapore","Marketing Asset","https://www.brother.com.sg/-/media/ap2/Global/Menu/white-close.svg","white-close.svg"
"close","Singapore","Brother Singapore","Marketing Asset","https://www.brother.com.sg/-/media/ap2/Global/Menu/close.svg","close.svg"
"printer","Singapore","Brother Singapore","Product Image","https://www.brother.com.sg/-/media/ap2/singapore/menu/mfc-l2750dw.webp?rev=a55c86f2fdba4ce1a5b2877ad2ad9008","mfc-l2750dw.webp"
"Scanners","Singapore","Brother Singapore","Product Image","https://www.brother.com.sg/-/media/ap2/singapore/menu/ads4900w.webp?rev=3cc8654d6a22428a94ca87fd10f4218e","ads4900w.webp"
"Mobile Printers","Singapore","Brother Singapore","Product Image","https://www.brother.com.sg/-/media/ap2/singapore/menu/pj883.webp?rev=11aed48b11754d4f8ddc9655b779a03c","pj883.webp"
"Label Printers","Singapore","Brother Singapore","Product Image","https://www.brother.com.sg/-/media/ap2/singapore/menu/pt-p710bt.webp?rev=0ffb1fabbbcc45788445c3ab0d763a45","pt-p710bt.webp"
"Sewing Machines","Singapore","Brother Singapore","Marketing Asset","https://www.brother.com.sg/-/media/ap2/singapore/menu/a80.webp?rev=67cbcf61d9904378829e2189867a20fa","a80.webp"
"Professional Embroidery Machines","Singapore","Brother Singapore","Marketing Asset","https://www.brother.com.sg/-/media/ap2/singapore/menu/pr1055x.webp?rev=65df72fe5ffa4b4794ce62293e2340b6","pr1055x.webp"
"Sewing Machines","Singapore","Brother Singapore","Marketing Asset","https://www.brother.com.sg/-/media/ap2/singapore/menu/sdx1200.webp?rev=99d26f135c834803bce51cc6a6e800bb","sdx1200.webp"
"Fax Machines","Singapore","Brother Singapore","Marketing Asset","https://www.brother.com.sg/-/media/ap2/singapore/menu/fax-2840.webp?rev=327b70513fd649298df0a4dc8f8bfd5c","fax-2840.webp"
"latest-promo","Singapore","Brother Singapore","Marketing Asset","https://www.brother.com.sg/-/media/ap2/global/menu/latest-promo.png?rev=092f0626e84a486cb0a35bb1294ddd2b","latest-promo.png"
"download-icon","Singapore","Brother Singapore","Icon / UI","https://www.brother.com.sg/-/media/ap2/global/menu/download-icon.png?rev=0b7c5f67da12480faf1a36abcfd8de0a","download-icon.png"
"Brother-Spore-5yrs-Campaign-1920x720-R3","Singapore","Brother Singapore","Banner / Campaign","https://www.brother.com.sg/-/media/ap2/singapore/microsite/images/brother-spore-5yrs-campaign-1920x720-r3.jpg?rev=62be10c545024d79962dfce4e2bbbb6c","brother-spore-5yrs-campaign-1920x720-r3.jpg"
"pt-h110-promo-banner_1920-x-720px-website-banner-desktop","Singapore","Brother Singapore","Banner / Campaign","https://www.brother.com.sg/-/media/ap2/singapore/promotion/pt-h110-promo-banner_1920-x-720px-website-banner-desktop.png?rev=969470906a984878b92d6de66df21801","pt-h110-promo-banner_1920-x-720px-website-banner-desktop.png"
"48-dollar-free-delivery_1920-x-720px-website-banner-desktop","Singapore","Brother Singapore","Banner / Campaign","https://www.brother.com.sg/-/media/ap2/singapore/promotion/2026/48-dollar-free-delivery_1920-x-720px-website-banner-desktop.png?rev=cfd0808b786c4831b87ce1a13bacecb4","48-dollar-free-delivery_1920-x-720px-website-banner-desktop.png"
"brother-umbrella-promo-no-5years--no-ntuc1920-x-720px-website-banner-desktop","Singapore","Brother Singapore","Banner / Campaign","https://www.brother.com.sg/-/media/ap2/singapore/promotion/2026/brother-umbrella-promo-no-5years--no-ntuc1920-x-720px-website-banner-desktop.png?rev=4ae28d6a61734aefba85dbe697f53fd5","brother-umbrella-promo-no-5years--no-ntuc1920-x-720px-website-banner-desktop.png"
"bics_aug2026_estore-special-promotion_adaptations_1920x720","Singapore","Brother Singapore","Marketing Asset","https://www.brother.com.sg/-/media/ap2/singapore/promotion/2026/bics_aug2026_estore-special-promotion_adaptations_1920x720.webp?rev=df6fba31f0764cab810a441475405d42","bics_aug2026_estore-special-promotion_adaptations_1920x720.webp"
"idc2025_2026_home-banner_1920x720px_hires","Singapore","Brother Singapore","Banner / Campaign","https://www.brother.com.sg/-/media/ap2/singapore/banner/idc2025_2026_home-banner_1920x720px_hires.webp?rev=9f34303f862740288652dc60980f983a","idc2025_2026_home-banner_1920x720px_hires.webp"
"inktankadapts_webbanners_home__carousel_desktop","Singapore","Brother Singapore","Banner / Campaign","https://www.brother.com.sg/-/media/ap2/singapore/toppage/offer-zone/1-1/inktankadapts_webbanners_home__carousel_desktop.webp?rev=58663ed2283f45b6893a63b32ecd2fe6","inktankadapts_webbanners_home__carousel_desktop.webp"
"Brother Smartcut Printer DCP-J1700DW Artwork_750x250","Singapore","Brother Singapore","Product Image","https://www.brother.com.sg/-/media/ap2/singapore/toppage/offer-zone/1-2/brother-smartcut-printer-dcp-j1700dw-artwork_750x250.webp?rev=e700bf7206a84c95910f6775557b7038","brother-smartcut-printer-dcp-j1700dw-artwork_750x250.webp"
"Brother Sewing and Embroidery Artwork_750x250","Singapore","Brother Singapore","Marketing Asset","https://www.brother.com.sg/-/media/ap2/singapore/toppage/offer-zone/1-3/brother-sewing-and-embroidery-artwork_750x250.webp?rev=4a717f8a62624d7bbe4102bd4479aed8","brother-sewing-and-embroidery-artwork_750x250.webp"
"d6d4e7172bf84197a83a1583158833f8","Singapore","Brother Singapore","Marketing Asset","https://www.brother.com.sg/-/media/d6d4e7172bf84197a83a1583158833f8.png?as=0&h=300&w=300&rev=e03dbd7f697a41c39ab1f3d7af051656&hash=BEC0A85706D267932685F8E8807D57DE","d6d4e7172bf84197a83a1583158833f8.png"
"8a39f078898b4faa82da40a194c35201","Singapore","Brother Singapore","Marketing Asset","https://www.brother.com.sg/-/media/8a39f078898b4faa82da40a194c35201.png?as=0&h=301&w=301&rev=9f8b9754ed8e48f294fadec7dd480b2d&hash=E413D408DB69D303EF50B1C441F583AD","8a39f078898b4faa82da40a194c35201.png"
"b69b3e1f4b8648cbadba00e71638e1ac","Singapore","Brother Singapore","Marketing Asset","https://www.brother.com.sg/-/media/b69b3e1f4b8648cbadba00e71638e1ac.png?as=0&h=300&w=300&rev=25790a3064fc4372a9939fcce9435096&hash=E675191E1E6B5A3C8FE91EC3A736C12E","b69b3e1f4b8648cbadba00e71638e1ac.png"
"72334b007c5c44adb4b437bfa5b4a280","Singapore","Brother Singapore","Marketing Asset","https://www.brother.com.sg/-/media/72334b007c5c44adb4b437bfa5b4a280.png?as=0&h=300&w=300&rev=5c35aef082f44a738e9c95fead4ca973&hash=614291739A871E58F59839C4E4F14AE7","72334b007c5c44adb4b437bfa5b4a280.png"
"64c6615fc1bb43318972affe12524289","Singapore","Brother Singapore","Marketing Asset","https://www.brother.com.sg/-/media/64c6615fc1bb43318972affe12524289.png?as=0&h=300&w=300&rev=0a370236e571446a8cecdf99870cc763&hash=2D8B0290B0B9DFFF8B4DEB694D0FBAD7","64c6615fc1bb43318972affe12524289.png"
"2f52f0f02a6b4f2f9d0f8a8581b9b057","Singapore","Brother Singapore","Marketing Asset","https://www.brother.com.sg/-/media/2f52f0f02a6b4f2f9d0f8a8581b9b057.png?as=0&h=301&w=301&rev=13d3ba2a5de3451d9d3285a3b7250019&hash=7E44BED5D451C22400F7CCDEB425EF39","2f52f0f02a6b4f2f9d0f8a8581b9b057.png"
"41f63ff3214244fdb27b462d68aae074","Singapore","Brother Singapore","Marketing Asset","https://www.brother.com.sg/-/media/41f63ff3214244fdb27b462d68aae074.png?as=0&h=300&w=300&rev=5ade7a44a2754afa96016e229914d097&hash=9523CA9374C7D113643879B22E54FEB0","41f63ff3214244fdb27b462d68aae074.png"
"d7458c16b61240f0bf9d9c6f047b8442","Singapore","Brother Singapore","Marketing Asset","https://www.brother.com.sg/-/media/d7458c16b61240f0bf9d9c6f047b8442.png?as=0&h=300&w=300&rev=4a74a450e06a475091b70c06cd4d1a84&hash=AB632C3086C795CC8B4424B8F67E76A0","d7458c16b61240f0bf9d9c6f047b8442.png"
"brother-umbrella-promo-no-5years--no-ntuc640-x-480px-website-banner-mobile","Singapore","Brother Singapore","Banner / Campaign","https://www.brother.com.sg/-/media/ap2/singapore/promotion/2026/brother-umbrella-promo-no-5years--no-ntuc640-x-480px-website-banner-mobile.png?rev=0d604bdd6ffe41e7a2fbe005e133e920","brother-umbrella-promo-no-5years--no-ntuc640-x-480px-website-banner-mobile.png"
"pt-h110-promo-banner_640-x-480px-website-banner-mobile","Singapore","Brother Singapore","Banner / Campaign","https://www.brother.com.sg/-/media/ap2/singapore/promotion/pt-h110-promo-banner_640-x-480px-website-banner-mobile.png?rev=c0b5940b663b4ff89ea2fba98c135e6c","pt-h110-promo-banner_640-x-480px-website-banner-mobile.png"
"bics_aug2026_estore-special-promotion_adaptations_640x480","Singapore","Brother Singapore","Marketing Asset","https://www.brother.com.sg/-/media/ap2/singapore/promotion/2026/bics_aug2026_estore-special-promotion_adaptations_640x480.webp?rev=f5158353664441f59c80780d7fe7c02b","bics_aug2026_estore-special-promotion_adaptations_640x480.webp"
"48-dollar-free-delivery_640-x-480px-website-banner-mobile","Singapore","Brother Singapore","Banner / Campaign","https://www.brother.com.sg/-/media/ap2/singapore/promotion/2026/48-dollar-free-delivery_640-x-480px-website-banner-mobile.png?rev=7096f8ae36fd4aeea3e3fd0ae5b8e894","48-dollar-free-delivery_640-x-480px-website-banner-mobile.png"
"DCP-T730DW","Singapore","Brother Singapore","Product Image","https://www.brother.com.sg/-/media/12e76d28c9e7416b8a2207fccd34fc93.png?as=0&amp;h=526&amp;w=526&amp;rev=00909757b2514c34a5bfbb777041a3fa&amp;hash=BC23C1E5CEB9FAD7A130C607413B1C7A","12e76d28c9e7416b8a2207fccd34fc93.png"
"Brother Innov-is M370 Sewing, Quilting &amp; Embroidery Machine  – front view","Singapore","Brother Singapore","Marketing Asset","https://www.brother.com.sg/-/media/fa7af237f6d64e8b95507e43305e9445.jpg?as=0&amp;h=526&amp;w=526&amp;rev=37d6b418657840a4b6f4e8cc240534e8&amp;hash=9467E85A337BC7BDA47D9A12681F59A3","fa7af237f6d64e8b95507e43305e9445.jpg"
"MFC-L2885DW","Singapore","Brother Singapore","Product Image","https://www.brother.com.sg/-/media/ap2/singapore/products/mfc-l2885dw/20240502052501_mfc_l2885dw.webp?rev=563a50392899496a9a1912aa21d074a0&amp;hash=F305BC7A5A055B7B2277B07122B6099D","20240502052501_mfc_l2885dw.webp"
"MFC-J2340DW","Singapore","Brother Singapore","Product Image","https://www.brother.com.sg/-/media/9dead857edb24c95ae9d44f2a2e901c0.png?as=0&amp;h=526&amp;w=526&amp;rev=e34d0220610d48de8a759c183c9d6de0&amp;hash=C23D6B0B2D3940B6CEBA342B25F626AB","9dead857edb24c95ae9d44f2a2e901c0.png"
"PT-D460BT","Singapore","Brother Singapore","Marketing Asset","https://www.brother.com.sg/-/media/ap2/singapore/products/pt-d460bt/pdp---pt-d460bt---english.webp?rev=7b49fe88ad56402faa2c376f551710ce&amp;hash=985AE170707EB8AB01B09F6650B7AC2C","pdp---pt-d460bt---english.webp"
"DCP-T830DW","Singapore","Brother Singapore","Product Image","https://www.brother.com.sg/-/media/2cae014d20164dc8b6b30d7d09fd254b.png?as=0&amp;h=526&amp;w=526&amp;rev=c9ee31a7936e4629a893f4bc108350fe&amp;hash=CBCF3ADC19781739384736FC7F705CAE","2cae014d20164dc8b6b30d7d09fd254b.png"
"MFC-T930DW","Singapore","Brother Singapore","Product Image","https://www.brother.com.sg/-/media/ap2/singapore/products/mfc-t930dw/mfc-t930dw.webp?rev=a0b53caae728467b9024e6d17078695e&amp;hash=A4F0F726C09BA3043614FF80B8F10FF8","mfc-t930dw.webp"
"DCP-T530DW","Singapore","Brother Singapore","Product Image","https://www.brother.com.sg/-/media/a637d74702ef47218e67beebf2c40a14.png?as=0&amp;h=526&amp;w=526&amp;rev=260981b3b0124f5796fdd46fc63d4b76&amp;hash=4622327D5CDCD9391A3FC1035906F170","a637d74702ef47218e67beebf2c40a14.png"
"chev-left","Singapore","Brother Singapore","Icon / UI","https://www.brother.com.sg/-/media/Themes/APWEB/Global/Commerce/images/icons/chev-left.svg","chev-left.svg"
"chev-right","Singapore","Brother Singapore","Icon / UI","https://www.brother.com.sg/-/media/Themes/APWEB/Global/Commerce/images/icons/chev-right.svg","chev-right.svg"
"Brother fleet management solutions","Singapore","Brother Singapore","Marketing Asset","https://www.brother.com.sg/-/media/ap2/global/home-page/home-promo-business-1.webp?h=202&amp;iar=0&amp;w=306&amp;rev=4a02d4801d3f4e66b44551e2d2a057b3","home-promo-business-1.webp"
"Brother embroidery solutions","Singapore","Brother Singapore","Marketing Asset","https://www.brother.com.sg/-/media/ap2/global/home-page/home-promo-business-2.webp?h=202&amp;iar=0&amp;w=306&amp;rev=c236e310e0bf402a9bd4d3bf8ba0650e","home-promo-business-2.webp"
"Brother Labelling solutions","Singapore","Brother Singapore","Marketing Asset","https://www.brother.com.sg/-/media/ap2/global/home-page/home-promo-business-3.webp?h=202&amp;iar=0&amp;w=306&amp;rev=56efc976918c4f0384e84952c0224aa9","home-promo-business-3.webp"
"Brother portable printing solutions","Singapore","Brother Singapore","Marketing Asset","https://www.brother.com.sg/-/media/ap2/global/home-page/home-promo-business-4.webp?h=202&amp;iar=0&amp;w=306&amp;rev=0644c95a0a8c439b9bc58e1754c4272a","home-promo-business-4.webp"
"brother_facebook_icon","Singapore","Brother Singapore","Icon / UI","https://www.brother.com.sg/-/media/themes/apweb/global/global-lite/images/facebook.svg?iar=0&amp;rev=68a9d369e4304f7884e97590bafba35f","facebook.svg"
"instagram","Singapore","Brother Singapore","Icon / UI","https://www.brother.com.sg/-/media/themes/apweb/global/global-lite/images/icons/instagram.svg?iar=0&amp;rev=5b2648b2849c4f1a9a0999afad1ec743","instagram.svg"
"linkedin","Singapore","Brother Singapore","Icon / UI","https://www.brother.com.sg/-/media/themes/apweb/global/global-lite/images/icons/linkedin.svg?iar=0&amp;rev=b43bc9549e6d44b0b40068415ef297e9","linkedin.svg"
"youtube","Singapore","Brother Singapore","Icon / UI","https://www.brother.com.sg/-/media/themes/apweb/global/global-lite/images/icons/youtube.svg?iar=0&amp;rev=87f2f2f637c14b80823f550b138ab231","youtube.svg"
"BCSG","Singapore","Brother Singapore","Marketing Asset","https://www.brother.com.sg/-/media/themes/apweb/global/header-footer-theme/images/flags/bcsg.png?h=24&amp;iar=0&amp;w=24&amp;rev=25cdb12159454b598865570cc239b6cc","bcsg.png"
"brother-spore-5yrs-campaign-640x480-r3","Singapore","Brother Singapore","Banner / Campaign","https://www.brother.com.sg/-/media/ap2/singapore/microsite/images/brother-spore-5yrs-campaign-640x480-r3.jpg?rev=010c0f8e16c745fe80fb00d24ef5e1cb","brother-spore-5yrs-campaign-640x480-r3.jpg"
"idc2025_2026_home-banner_mobile_640x480px_hires","Singapore","Brother Singapore","Banner / Campaign","https://www.brother.com.sg/-/media/ap2/singapore/banner/idc2025_2026_home-banner_mobile_640x480px_hires.webp?rev=d88bc60c11f047f8a7de44c05ccea800","idc2025_2026_home-banner_mobile_640x480px_hires.webp"
"inktankadapts_webbanners_home__carousel__mobile","Singapore","Brother Singapore","Banner / Campaign","https://www.brother.com.sg/-/media/ap2/singapore/toppage/offer-zone/1-1/inktankadapts_webbanners_home__carousel__mobile.webp?rev=5cce51ba7db148078ff4de0f2fe8d00b","inktankadapts_webbanners_home__carousel__mobile.webp"
"brother-smartcut-printer-dcp-j1700dw-artwork_600x400","Singapore","Brother Singapore","Product Image","https://www.brother.com.sg/-/media/ap2/singapore/toppage/offer-zone/1-2/brother-smartcut-printer-dcp-j1700dw-artwork_600x400.webp?rev=47c21bbc0e3547f1b35f3be62365a585","brother-smartcut-printer-dcp-j1700dw-artwork_600x400.webp"
"brother-sewing-and-embroidery-artwork_600x400","Singapore","Brother Singapore","Marketing Asset","https://www.brother.com.sg/-/media/ap2/singapore/toppage/offer-zone/1-3/brother-sewing-and-embroidery-artwork_600x400.webp?rev=7e547b734c6049ad9c68b0d6922ece70","brother-sewing-and-embroidery-artwork_600x400.webp"
"home-promo-business-1","Singapore","Brother Singapore","Marketing Asset","https://www.brother.com.sg/-/media/ap2/global/home-page/home-promo-business-1.webp?rev=4a02d4801d3f4e66b44551e2d2a057b3","home-promo-business-1.webp"
"home-promo-business-2","Singapore","Brother Singapore","Marketing Asset","https://www.brother.com.sg/-/media/ap2/global/home-page/home-promo-business-2.webp?rev=c236e310e0bf402a9bd4d3bf8ba0650e","home-promo-business-2.webp"
"home-promo-business-3","Singapore","Brother Singapore","Marketing Asset","https://www.brother.com.sg/-/media/ap2/global/home-page/home-promo-business-3.webp?rev=56efc976918c4f0384e84952c0224aa9","home-promo-business-3.webp"
"home-promo-business-4","Singapore","Brother Singapore","Marketing Asset","https://www.brother.com.sg/-/media/ap2/global/home-page/home-promo-business-4.webp?rev=0644c95a0a8c439b9bc58e1754c4272a","home-promo-business-4.webp"
"Brother at your side","Malaysia","Brother Malaysia","Logo","https://www.brother.com.my/-/media/ap2/global/menu/logo.svg?rev=74b6da90ccc34b339b35490b0046e6fc","logo.svg"
"search icon","Malaysia","Brother Malaysia","Icon / UI","https://www.brother.com.my/-/media/ap2/Global/Menu/search.svg","search.svg"
"hamburger icon","Malaysia","Brother Malaysia","Icon / UI","https://www.brother.com.my/-/media/ap2/Global/Menu/hamburger.svg","hamburger.svg"
"left-white-arrow","Malaysia","Brother Malaysia","Icon / UI","https://www.brother.com.my/-/media/ap2/Global/Menu/left-white-arrow.sgv","left-white-arrow.sgv"
"white-close","Malaysia","Brother Malaysia","Marketing Asset","https://www.brother.com.my/-/media/ap2/Global/Menu/white-close.svg","white-close.svg"
"close","Malaysia","Brother Malaysia","Marketing Asset","https://www.brother.com.my/-/media/ap2/Global/Menu/close.svg","close.svg"
"Printers &amp; Multi-Functions","Malaysia","Brother Malaysia","Product Image","https://www.brother.com.my/-/media/ap2/malaysia/menu/t920dw.png?rev=97b7f0330dce4b51ac42f8f077ea33e8","t920dw.png"
"Mobile Printers","Malaysia","Brother Malaysia","Product Image","https://www.brother.com.my/-/media/ap2/malaysia/menu/pj883.png?rev=29c8cc29bbd346f9a5c2a915c1b0f72c","pj883.png"
"Labelling Machines","Malaysia","Brother Malaysia","Product Image","https://www.brother.com.my/-/media/ap2/malaysia/menu/ql800.png?rev=69880d08a1764aa38c8246b2f24296b2","ql800.png"
"Home Sewing Machines","Malaysia","Brother Malaysia","Marketing Asset","https://www.brother.com.my/-/media/ap2/malaysia/menu/a80.png?rev=5f16d612a8304e48a47316166eac1ec5","a80.png"
"Professional Embroidery Machines","Malaysia","Brother Malaysia","Marketing Asset","https://www.brother.com.my/-/media/ap2/malaysia/menu/pr1055x.png?rev=dc5fe8852196403091090069103321d4","pr1055x.png"
"Cutting Machines","Malaysia","Brother Malaysia","Marketing Asset","https://www.brother.com.my/-/media/ap2/malaysia/menu/sdx1200.png?rev=7b2103065df54ad5be6a8628386ff290","sdx1200.png"
"Fax Machines","Malaysia","Brother Malaysia","Marketing Asset","https://www.brother.com.my/-/media/ap2/malaysia/menu/fax-2840.png?rev=dbc9390cf7d84b1486d88d44168d86f3","fax-2840.png"
"latest-promo","Malaysia","Brother Malaysia","Marketing Asset","https://www.brother.com.my/-/media/ap2/global/menu/latest-promo.png?rev=092f0626e84a486cb0a35bb1294ddd2b","latest-promo.png"
"download-icon","Malaysia","Brother Malaysia","Icon / UI","https://www.brother.com.my/-/media/ap2/global/menu/download-icon.png?rev=0b7c5f67da12480faf1a36abcfd8de0a","download-icon.png"
"Brother5YearsWarrantyWebBanner","Malaysia","Brother Malaysia","Banner / Campaign","https://www.brother.com.my/-/media/ap2/malaysia/home-page/5years-warranty_banner_website_oct.jpg?rev=c66d33e501f7422f93f760435c590d3a","5years-warranty_banner_website_oct.jpg"
"Ready for every print","Malaysia","Brother Malaysia","Banner / Campaign","https://www.brother.com.my/-/media/ap2/malaysia/home-page/homepage-banner-dekstop_1920x720_last.jpg?rev=55f2d8d153dd41e3866648d56fc88834","homepage-banner-dekstop_1920x720_last.jpg"
"Ready-for-Every-Print-Homepage-Banner-Dekstop","Malaysia","Brother Malaysia","Banner / Campaign","https://www.brother.com.my/-/media/ap2/malaysia/home-page/ready-for-every-print-homepage-banner-dekstop.webp?rev=fa0dbdab88ea499cbe048e31e692e766","ready-for-every-print-homepage-banner-dekstop.webp"
"BrotherKEEPITGENUINEBannerDekstop1920x720R4","Malaysia","Brother Malaysia","Banner / Campaign","https://www.brother.com.my/-/media/ap2/malaysia/home-page/brotherkeepitgenuinebannerdekstop1920x720r4.jpg?rev=36b27453ffcf4b778f43c44eb0bfb5e9","brotherkeepitgenuinebannerdekstop1920x720r4.jpg"
"brother-website-homepage-banner-phase-2-dekstop1920x720jpg","Malaysia","Brother Malaysia","Banner / Campaign","https://www.brother.com.my/-/media/ap2/malaysia/home-page/brother-website-homepage-banner-phase-2-dekstop1920x720jpg.webp?rev=971e8e898cc94b2f8a9d20dce7a2d0c1","brother-website-homepage-banner-phase-2-dekstop1920x720jpg.webp"
"Easy Sewing 1600 x 600","Malaysia","Brother Malaysia","Marketing Asset","https://www.brother.com.my/-/media/ap2/malaysia/home-page/easy-sewing-1600-x-600.webp?rev=43993a37b5434b2d89508ac36df12e7f","easy-sewing-1600-x-600.webp"
"Brother21HTstaticwebpage","Malaysia","Brother Malaysia","Marketing Asset","https://www.brother.com.my/-/media/ap2/malaysia/home-page/brother21htstaticwebpagedekstop.jpg?rev=58c2add5560c4e9aa4ea2775d5821ee8","brother21htstaticwebpagedekstop.jpg"
"c1935d2f9a2a4c09b42cbe749b973870","Malaysia","Brother Malaysia","Marketing Asset","https://www.brother.com.my/-/media/c1935d2f9a2a4c09b42cbe749b973870.png?as=0&h=300&w=300&rev=ee93ecebec354d13bc3f90f91b6399c9&hash=8952CB052887C5088DE8D64C5D8B1977","c1935d2f9a2a4c09b42cbe749b973870.png"
"901d19f95521477bbfee205736b95d41","Malaysia","Brother Malaysia","Marketing Asset","https://www.brother.com.my/-/media/901d19f95521477bbfee205736b95d41.png?as=0&h=300&w=300&rev=270285136973487987cf2f010961d0cd&hash=F03EC44A745FB46E774F53ACFEE41159","901d19f95521477bbfee205736b95d41.png"
"label-printer-2","Malaysia","Brother Malaysia","Product Image","https://www.brother.com.my/-/media/ap2/malaysia/toppage/product-category/label-printer-2.webp?rev=95ffee94b767463a8140787592de920b","label-printer-2.webp"
"139b0589886e4ab7a352bb4939efe018","Malaysia","Brother Malaysia","Marketing Asset","https://www.brother.com.my/-/media/139b0589886e4ab7a352bb4939efe018.png?as=0&h=300&w=300&rev=c1f9454f0be1488aba69cc8d2b627726&hash=45AC494D09302961AF2529679BCEA31B","139b0589886e4ab7a352bb4939efe018.png"
"professional_embroidery","Malaysia","Brother Malaysia","Marketing Asset","https://www.brother.com.my/-/media/ap2/malaysia/toppage/product-category/professional_embroidery.webp?rev=9370e4c3702e4cc29a6bbe92ed03ea6e","professional_embroidery.webp"
"cutting-machines-1","Malaysia","Brother Malaysia","Marketing Asset","https://www.brother.com.my/-/media/ap2/malaysia/toppage/product-category/cutting-machines-1.webp?rev=6790a6e83e59483198f9ebfcf386bdc7","cutting-machines-1.webp"
"Brother fleet management solutions","Malaysia","Brother Malaysia","Marketing Asset","https://www.brother.com.my/-/media/ap2/malaysia/toppage/solutions/5-1-1/top-page_solutions_540x292px_1w.webp?iar=0&amp;rev=cf581169054b499b864d63b5486d32f2","top-page_solutions_540x292px_1w.webp"
"Brother embroidery solutions","Malaysia","Brother Malaysia","Marketing Asset","https://www.brother.com.my/-/media/ap2/malaysia/toppage/solutions/5-2-1/top-page_solutions_540x292px_2w.webp?iar=0&amp;rev=7968918585e14c4d93ac0d9c6da3f878","top-page_solutions_540x292px_2w.webp"
"Brother Labelling solutions","Malaysia","Brother Malaysia","Marketing Asset","https://www.brother.com.my/-/media/ap2/malaysia/toppage/solutions/5-3-1/top-page_solutions_540x292px_3w.webp?iar=0&amp;rev=dc528ee607ee4a61855c45499a51a84b","top-page_solutions_540x292px_3w.webp"
"Brother portable printing solutions","Malaysia","Brother Malaysia","Marketing Asset","https://www.brother.com.my/-/media/ap2/malaysia/toppage/solutions/5-4-1/top-page_solutions_540x292px_4w.webp?iar=0&amp;rev=e2f69071eb9e4781b462bb8cf516c8b8","top-page_solutions_540x292px_4w.webp"
"brother_facebook_icon","Malaysia","Brother Malaysia","Icon / UI","https://www.brother.com.my/-/media/themes/apweb/global/global-lite/images/facebook.svg?iar=0&amp;rev=68a9d369e4304f7884e97590bafba35f","facebook.svg"
"instagram","Malaysia","Brother Malaysia","Icon / UI","https://www.brother.com.my/-/media/themes/apweb/global/global-lite/images/icons/instagram.svg?iar=0&amp;rev=5b2648b2849c4f1a9a0999afad1ec743","instagram.svg"
"linkedin","Malaysia","Brother Malaysia","Icon / UI","https://www.brother.com.my/-/media/themes/apweb/global/global-lite/images/icons/linkedin.svg?iar=0&amp;rev=b43bc9549e6d44b0b40068415ef297e9","linkedin.svg"
"youtube","Malaysia","Brother Malaysia","Icon / UI","https://www.brother.com.my/-/media/themes/apweb/global/global-lite/images/icons/youtube.svg?iar=0&amp;rev=87f2f2f637c14b80823f550b138ab231","youtube.svg"
"BICM","Malaysia","Brother Malaysia","Marketing Asset","https://www.brother.com.my/-/media/themes/apweb/global/header-footer-theme/images/flags/bicm.png?h=24&amp;iar=0&amp;w=24&amp;rev=aefe61c49909475bb188c1e5837ff5e5","bicm.png"
"5years-warranty_homepage-banner__640x480","Malaysia","Brother Malaysia","Banner / Campaign","https://www.brother.com.my/-/media/ap2/malaysia/home-page/5years-warranty_homepage-banner__640x480.jpg?rev=a3daea4fd2fa4ee8b59e8a8984e43795","5years-warranty_homepage-banner__640x480.jpg"
"homepage-banner-mobile_640x480_last","Malaysia","Brother Malaysia","Banner / Campaign","https://www.brother.com.my/-/media/ap2/malaysia/home-page/homepage-banner-mobile_640x480_last.jpg?rev=d7f395bf74924f43b252a5da776d59de","homepage-banner-mobile_640x480_last.jpg"
"ready-for-every-print-homepage-banner-mobile","Malaysia","Brother Malaysia","Banner / Campaign","https://www.brother.com.my/-/media/ap2/malaysia/home-page/ready-for-every-print-homepage-banner-mobile.webp?rev=40d15478ce2b42f681ffc86a8873a8ac","ready-for-every-print-homepage-banner-mobile.webp"
"brotherkeepitgenuinebannermobile640x480r4","Malaysia","Brother Malaysia","Banner / Campaign","https://www.brother.com.my/-/media/ap2/malaysia/home-page/brotherkeepitgenuinebannermobile640x480r4.jpg?rev=676c8c9247f442d4ad24756300789b0a","brotherkeepitgenuinebannermobile640x480r4.jpg"
"brother-website-homepage-banner-phase-2-mobile640x480jpg","Malaysia","Brother Malaysia","Banner / Campaign","https://www.brother.com.my/-/media/ap2/malaysia/home-page/brother-website-homepage-banner-phase-2-mobile640x480jpg.webp?rev=f536b21902784bb089d58f798efc1cd8","brother-website-homepage-banner-phase-2-mobile640x480jpg.webp"
"easy-sewing-1280-x-960","Malaysia","Brother Malaysia","Marketing Asset","https://www.brother.com.my/-/media/ap2/malaysia/home-page/easy-sewing-1280-x-960.webp?rev=cb12029c535944a4badda506ec03a26f","easy-sewing-1280-x-960.webp"
"brother21htstaticwebpagemobile","Malaysia","Brother Malaysia","Marketing Asset","https://www.brother.com.my/-/media/ap2/malaysia/home-page/brother21htstaticwebpagemobile.jpg?rev=c2c13ed615404cb082f9011af6b75b9d","brother21htstaticwebpagemobile.jpg"
"top-page_solutions_540x292px_1w","Malaysia","Brother Malaysia","Marketing Asset","https://www.brother.com.my/-/media/ap2/malaysia/toppage/solutions/5-1-1/top-page_solutions_540x292px_1w.webp?rev=cf581169054b499b864d63b5486d32f2","top-page_solutions_540x292px_1w.webp"
"top-page_solutions_540x292px_2w","Malaysia","Brother Malaysia","Marketing Asset","https://www.brother.com.my/-/media/ap2/malaysia/toppage/solutions/5-2-1/top-page_solutions_540x292px_2w.webp?rev=7968918585e14c4d93ac0d9c6da3f878","top-page_solutions_540x292px_2w.webp"
"top-page_solutions_540x292px_3w","Malaysia","Brother Malaysia","Marketing Asset","https://www.brother.com.my/-/media/ap2/malaysia/toppage/solutions/5-3-1/top-page_solutions_540x292px_3w.webp?rev=dc528ee607ee4a61855c45499a51a84b","top-page_solutions_540x292px_3w.webp"
"top-page_solutions_540x292px_4w","Malaysia","Brother Malaysia","Marketing Asset","https://www.brother.com.my/-/media/ap2/malaysia/toppage/solutions/5-4-1/top-page_solutions_540x292px_4w.webp?rev=e2f69071eb9e4781b462bb8cf516c8b8","top-page_solutions_540x292px_4w.webp"
"Brother at your side","Taiwan","Brother Taiwan","Logo","https://www.brother.tw/-/media/ap2/global/menu/logo.svg?rev=-1","logo.svg"
"cart icon","Taiwan","Brother Taiwan","Icon / UI","https://www.brother.tw/-/media/ap2/Global/Menu/cart.svg","cart.svg"
"search icon","Taiwan","Brother Taiwan","Icon / UI","https://www.brother.tw/-/media/ap2/Global/Menu/search.svg","search.svg"
"hamburger icon","Taiwan","Brother Taiwan","Icon / UI","https://www.brother.tw/-/media/ap2/Global/Menu/hamburger.svg","hamburger.svg"
"left-white-arrow","Taiwan","Brother Taiwan","Icon / UI","https://www.brother.tw/-/media/ap2/Global/Menu/left-white-arrow.sgv","left-white-arrow.sgv"
"white-close","Taiwan","Brother Taiwan","Marketing Asset","https://www.brother.tw/-/media/ap2/Global/Menu/white-close.svg","white-close.svg"
"close","Taiwan","Brother Taiwan","Marketing Asset","https://www.brother.tw/-/media/ap2/Global/Menu/close.svg","close.svg"
"所有印表機&amp;複合機","Taiwan","Brother Taiwan","Product Image","https://www.brother.tw/-/media/ap2/taiwan/menu/t920dw.webp?rev=15f255af35614b4b93c7aae08ea84059","t920dw.webp"
"掃描器","Taiwan","Brother Taiwan","Product Image","https://www.brother.tw/-/media/ap2/taiwan/menu/ads4300n.webp?rev=83747dc830cc4d458e6df7a21858caec","ads4300n.webp"
"行動印表機","Taiwan","Brother Taiwan","Product Image","https://www.brother.tw/-/media/ap2/taiwan/menu/pj763mfi.webp?rev=997e3d9e0c5040aea6934998a51cf0cc","pj763mfi.webp"
"標籤機","Taiwan","Brother Taiwan","Product Image","https://www.brother.tw/-/media/ap2/taiwan/menu/ql-820nwb.webp?rev=f1b6a4a762da4a95ae2a7f5dbdf3ae53","ql-820nwb.webp"
"縫紉機","Taiwan","Brother Taiwan","Marketing Asset","https://www.brother.tw/-/media/ap2/taiwan/menu/m370.webp?rev=1521cc2eec6145fb8bcad103b648fa7c","m370.webp"
"專業用縫紉機","Taiwan","Brother Taiwan","Marketing Asset","https://www.brother.tw/-/media/ap2/taiwan/menu/pr1055x.webp?rev=fb2bf4a8742b45f19bd663cec63c5cbb","pr1055x.webp"
"掃圖裁藝機","Taiwan","Brother Taiwan","Marketing Asset","https://www.brother.tw/-/media/ap2/taiwan/menu/sdx1200.webp?rev=3c8cb4399d604665a85ddb4ec68e48ed","sdx1200.webp"
"傳真設備","Taiwan","Brother Taiwan","Marketing Asset","https://www.brother.tw/-/media/ap2/taiwan/menu/fax-2840.webp?rev=ac751a85d72b46bab552fad17c27146f","fax-2840.webp"
"menu-promo-1","Taiwan","Brother Taiwan","Marketing Asset","https://www.brother.tw/-/media/ap2/global/menu/menu-promo-1.png?rev=-1","menu-promo-1.png"
"latest-promo","Taiwan","Brother Taiwan","Marketing Asset","https://www.brother.tw/-/media/ap2/global/menu/latest-promo.png?rev=-1","latest-promo.png"
"download-icon","Taiwan","Brother Taiwan","Icon / UI","https://www.brother.tw/-/media/ap2/global/menu/download-icon.png?rev=-1","download-icon.png"
"20260929_Brother_2026_10","Taiwan","Brother Taiwan","Marketing Asset","https://www.brother.tw/-/media/ap2/taiwan/home/20260929_brother_2026_10.jpg?rev=e9cbd41b10214c3db590bd19348befcc","20260929_brother_2026_10.jpg"
"20250307_brother_banner_","Taiwan","Brother Taiwan","Banner / Campaign","https://www.brother.tw/-/media/ap2/taiwan/home/20250307_brother_banner_.jpg?rev=458453ffd5df4701972924b415c50cb3","20250307_brother_banner_.jpg"
"20260701_IDC2026_Home Banner_1920x720px","Taiwan","Brother Taiwan","Banner / Campaign","https://www.brother.tw/-/media/ap2/taiwan/home/20260701_idc2026_home-banner_1920x720px.webp?rev=c851104ff4d4464c94e95bcf284d18e9","20260701_idc2026_home-banner_1920x720px.webp"
"20260924_Brother_PC_1920x760","Taiwan","Brother Taiwan","Marketing Asset","https://www.brother.tw/-/media/ap2/taiwan/home/20260924_brother_pc_1920x760.jpg?rev=f200673b167b4c43be6d156a4f6ef7bb","20260924_brother_pc_1920x760.jpg"
"Banner","Taiwan","Brother Taiwan","Banner / Campaign","https://www.brother.tw/-/media/ap2/taiwan/home/20260731_brother__-bn-01.webp?rev=7513f0a4507547588e4553cf7c8b054a","20260731_brother__-bn-01.webp"
"ELLe Printer Lifestyle - Desktop","Taiwan","Brother Taiwan","Product Image","https://www.brother.tw/-/media/ap2/taiwan/home/elle-printer-lifestyle---desktop.webp?rev=833e4c24f55742ab8be4e604435d776c","elle-printer-lifestyle---desktop.webp"
"mini-inkjet-750","Taiwan","Brother Taiwan","Marketing Asset","https://www.brother.tw/-/media/ap2/taiwan/home/mini-inkjet-750.png?rev=77b9cb54d4604c4f90fa1d0af6b1fce0","mini-inkjet-750.png"
"printer_mf 1","Taiwan","Brother Taiwan","Product Image","https://www.brother.tw/-/media/ap2/taiwan/home/printer_mf-1.webp?rev=5ceb5bfdeac84e20bb91b9b5d3f28fa1","printer_mf-1.webp"
"taiwan_scanner","Taiwan","Brother Taiwan","Product Image","https://www.brother.tw/-/media/3229b4db5541411ebdd0f9f900729cc5.png?as=0&h=300&w=300&rev=6c43075e2ea04bc69c155a59302a8c38&hash=4956640487F4B24189BD05AED99D14EF","3229b4db5541411ebdd0f9f900729cc5.png"
"taiwan_label","Taiwan","Brother Taiwan","Marketing Asset","https://www.brother.tw/-/media/ap2/taiwan/home/taiwan_label.webp?rev=7153b8d07e0c4bfd95f138fb7479e477","taiwan_label.webp"
"Label Printer 2","Taiwan","Brother Taiwan","Product Image","https://www.brother.tw/-/media/ap2/taiwan/home/label-printer-2.webp?rev=acbda7172af042509e7c10a2a09dac09","label-printer-2.webp"
"taiwan_sewing","Taiwan","Brother Taiwan","Marketing Asset","https://www.brother.tw/-/media/ap2/taiwan/home/taiwan_sewing.webp?rev=2082c193e4f54fa19bdd8b61f886a81f","taiwan_sewing.webp"
"indonesia_embroidery","Taiwan","Brother Taiwan","Marketing Asset","https://www.brother.tw/-/media/67bcfa4c21b84825a799b4d5923564ca.png?as=0&h=300&w=300&rev=08a9a6ff060b45078940b7f3f704df59&hash=350124B6870012867A7A319B896504E3","67bcfa4c21b84825a799b4d5923564ca.png"
"cutting machines 1","Taiwan","Brother Taiwan","Marketing Asset","https://www.brother.tw/-/media/3b2e42e20d414f9ea6751f2da5fba6a7.png?as=0&h=300&w=300&rev=2bec1852846f4375af0640d75a4c510b&hash=EAFCB8757E964E69FEE722F6D583C35F","3b2e42e20d414f9ea6751f2da5fba6a7.png"
"fax machines 1","Taiwan","Brother Taiwan","Marketing Asset","https://www.brother.tw/-/media/eb3f8872557d4d32bf46bf59fcf33c0b.png?as=0&h=300&w=300&rev=2bb107add81a490691283ba3bb43c05c&hash=8223E25C408AD017166983B9CDA5BFAD","eb3f8872557d4d32bf46bf59fcf33c0b.png"
"tw-hp-bs-img1","Taiwan","Brother Taiwan","Marketing Asset","https://www.brother.tw/-/media/ap2/taiwan/home/tw-hp-bs-img1.webp?h=202&amp;iar=0&amp;w=306&amp;rev=b5d6699c08b14369a4218f459f9f4757","tw-hp-bs-img1.webp"
"tw-hp-bs-img2","Taiwan","Brother Taiwan","Marketing Asset","https://www.brother.tw/-/media/ap2/taiwan/home/tw-hp-bs-img2.webp?h=202&amp;iar=0&amp;w=306&amp;rev=63038f31909249f3803ecbca1b7d8b00","tw-hp-bs-img2.webp"
"tw-hp-bs-img3","Taiwan","Brother Taiwan","Marketing Asset","https://www.brother.tw/-/media/ap2/taiwan/home/tw-hp-bs-img3.webp?h=202&amp;iar=0&amp;w=306&amp;rev=991ac97ceed2424b81e2c8debf8ffbb1","tw-hp-bs-img3.webp"
"brother_facebook_icon","Taiwan","Brother Taiwan","Icon / UI","https://www.brother.tw/-/media/themes/apweb/global/global-lite/images/facebook.svg?iar=0&amp;rev=-1","facebook.svg"
"instagram","Taiwan","Brother Taiwan","Icon / UI","https://www.brother.tw/-/media/themes/apweb/global/global-lite/images/icons/instagram.svg?iar=0&amp;rev=-1","instagram.svg"
"youtube","Taiwan","Brother Taiwan","Icon / UI","https://www.brother.tw/-/media/themes/apweb/global/global-lite/images/icons/youtube.svg?iar=0&amp;rev=-1","youtube.svg"
"20260929_brother_mobile_2026_10","Taiwan","Brother Taiwan","Marketing Asset","https://www.brother.tw/-/media/ap2/taiwan/home/20260929_brother_mobile_2026_10.jpg?rev=85794b7a3e1f4d40bdf92a781282007e","20260929_brother_mobile_2026_10.jpg"
"brotherhire_v1_m","Taiwan","Brother Taiwan","Marketing Asset","https://www.brother.tw/-/media/ap2/taiwan/home/brotherhire_v1_m.webp?rev=116ff9ed0645461ea1179a3314b1973c","brotherhire_v1_m.webp"
"20260701_idc2025_2026_home-banner_mobile_640x480px","Taiwan","Brother Taiwan","Banner / Campaign","https://www.brother.tw/-/media/ap2/taiwan/home/20260701_idc2025_2026_home-banner_mobile_640x480px.webp?rev=eae3cd16e50d4e908a385a207295d40d","20260701_idc2025_2026_home-banner_mobile_640x480px.webp"
"20260924_brother_mobi_640x480","Taiwan","Brother Taiwan","Marketing Asset","https://www.brother.tw/-/media/ap2/taiwan/home/20260924_brother_mobi_640x480.jpg?rev=fd598a0030934ce7ae4e4884ee5c0f42","20260924_brother_mobi_640x480.jpg"
"20260731_brother__-bn-02","Taiwan","Brother Taiwan","Marketing Asset","https://www.brother.tw/-/media/ap2/taiwan/home/20260731_brother__-bn-02.webp?rev=bfeffc2b7a274fabb8cafec81eb28006","20260731_brother__-bn-02.webp"
"elle-printer-lifestyle---mobile","Taiwan","Brother Taiwan","Product Image","https://www.brother.tw/-/media/ap2/taiwan/home/elle-printer-lifestyle---mobile.webp?rev=144ee0537ddb4932886b80f2c2eec699","elle-printer-lifestyle---mobile.webp"
"mini-inkjet-600","Taiwan","Brother Taiwan","Marketing Asset","https://www.brother.tw/-/media/ap2/taiwan/home/mini-inkjet-600.png?rev=41672108f7d04c0bae92c3ca348da489","mini-inkjet-600.png"
"Brother at your side","South Korea","Brother Korea","Logo","https://www.brother-korea.com/-/media/ap2/global/menu/logo.svg?rev=44fdc1c0e48f41efb88aa2a5d271b135","logo.svg"
"cart icon","South Korea","Brother Korea","Icon / UI","https://www.brother-korea.com/-/media/ap2/Global/Menu/cart.svg","cart.svg"
"search icon","South Korea","Brother Korea","Icon / UI","https://www.brother-korea.com/-/media/ap2/Global/Menu/search.svg","search.svg"
"hamburger icon","South Korea","Brother Korea","Icon / UI","https://www.brother-korea.com/-/media/ap2/Global/Menu/hamburger.svg","hamburger.svg"
"left-white-arrow","South Korea","Brother Korea","Icon / UI","https://www.brother-korea.com/-/media/ap2/Global/Menu/left-white-arrow.sgv","left-white-arrow.sgv"
"white-close","South Korea","Brother Korea","Marketing Asset","https://www.brother-korea.com/-/media/ap2/Global/Menu/white-close.svg","white-close.svg"
"close","South Korea","Brother Korea","Marketing Asset","https://www.brother-korea.com/-/media/ap2/Global/Menu/close.svg","close.svg"
"프린터 및 복합기","South Korea","Brother Korea","Product Image","https://www.brother-korea.com/-/media/ap2/korea/menu/t920dw.png?rev=c6f5bf3a4efe4fd48376da791dd4343b","t920dw.png"
"스캐너","South Korea","Brother Korea","Product Image","https://www.brother-korea.com/-/media/ap2/korea/menu/ads4300n.png?rev=b5a6afeceea645d1af95b7892ca605a8","ads4300n.png"
"모바일 프린터","South Korea","Brother Korea","Product Image","https://www.brother-korea.com/-/media/ap2/korea/menu/pj763mfi.png?rev=b59d1092fddf46bfa959660ded8d7439","pj763mfi.png"
"라벨 프린터","South Korea","Brother Korea","Product Image","https://www.brother-korea.com/-/media/ap2/korea/menu/ql-820nwb.png?rev=2a683c32be4f4c36bc35b6a91dcad5c3","ql-820nwb.png"
"디지털 의류인쇄기","South Korea","Brother Korea","Marketing Asset","https://www.brother-korea.com/-/media/ap2/korea/menu/gtxpro.png?rev=4de0937916d441babcb9105f2cd4c84e","gtxpro.png"
"팩스","South Korea","Brother Korea","Marketing Asset","https://www.brother-korea.com/-/media/ap2/korea/menu/fax-2840.png?rev=2ce4cfb09957461a8c594ab172b566fc","fax-2840.png"
"spot-cooler-menu","South Korea","Brother Korea","Marketing Asset","https://www.brother-korea.com/-/media/ap2/korea/menu/spot-cooler-menu.webp?rev=1d2d6503b9f0445fb2806fa554d70256","spot-cooler-menu.webp"
"인덕션 기어모터","South Korea","Brother Korea","Marketing Asset","https://www.brother-korea.com/-/media/ap2/korea/menu/gtr-112x83.webp?rev=7ae33a54af4843b5a374a37359b589f5","gtr-112x83.webp"
"menu-promo-1","South Korea","Brother Korea","Marketing Asset","https://www.brother-korea.com/-/media/ap2/global/menu/menu-promo-1.png?rev=b09a41a2945146cdb00b0ac1363bd942","menu-promo-1.png"
"latest-promo","South Korea","Brother Korea","Marketing Asset","https://www.brother-korea.com/-/media/ap2/global/menu/latest-promo.png?rev=61707c1fe7ec413bae91e8c7d756feca","latest-promo.png"
"download-icon","South Korea","Brother Korea","Icon / UI","https://www.brother-korea.com/-/media/ap2/global/menu/download-icon.png?rev=0f255bc7e8a540b399d3ddf64f2b721c","download-icon.png"
"main","South Korea","Brother Korea","Banner / Campaign","https://www.brother-korea.com/-/media/ap2/korea/hubpage/1920720business_microsite-kv/tube-printer_pc/1920720_labelsolutiontd-situ-medical_97/desktop.jpg?rev=94c3c04e829b48e1bd15e2f3f2a952aa","desktop.jpg"
"GTX","South Korea","Brother Korea","Banner / Campaign","https://www.brother-korea.com/-/media/ap2/korea/hubpage/gtx-sample-750250/gtx_hub_banner_pc_750x250.jpg?rev=da349590dbda4dc5bd553a9129f6da19","gtx_hub_banner_pc_750x250.jpg"
"브라더 라벨 허브 페이지 바로 가기","South Korea","Brother Korea","Marketing Asset","https://www.brother-korea.com/-/media/ap2/korea/hubpage/750x250_pc.jpg?rev=526b345a4bab4eaa81d2cb6d1af24629","750x250_pc.jpg"
"printer_mf_1","South Korea","Brother Korea","Product Image","https://www.brother-korea.com/-/media/ap2/korea/home/printer_mf_1.webp?rev=d63692ff529f43a782be6f8525a19dbc","printer_mf_1.webp"
"scanner_2","South Korea","Brother Korea","Product Image","https://www.brother-korea.com/-/media/ap2/korea/home/scanner_2.webp?rev=-1","scanner_2.webp"
"mobile_printer_1","South Korea","Brother Korea","Product Image","https://www.brother-korea.com/-/media/ap2/korea/home/mobile_printer_1.webp?rev=-1","mobile_printer_1.webp"
"label_printer_2","South Korea","Brother Korea","Product Image","https://www.brother-korea.com/-/media/ap2/korea/home/label_printer_2.webp?rev=-1","label_printer_2.webp"
"fax_machines_1","South Korea","Brother Korea","Marketing Asset","https://www.brother-korea.com/-/media/ap2/korea/home/fax_machines_1.webp?rev=-1","fax_machines_1.webp"
"korea_gtr","South Korea","Brother Korea","Marketing Asset","https://www.brother-korea.com/-/media/ap2/korea/home/korea_gtr.webp?rev=-1","korea_gtr.webp"
"gtr-112x83_1","South Korea","Brother Korea","Marketing Asset","https://www.brother-korea.com/-/media/ap2/korea/home/gtr-112x83_1.webp?rev=-1","gtr-112x83_1.webp"
"spot_cooler_reflection_v8","South Korea","Brother Korea","Marketing Asset","https://www.brother-korea.com/-/media/ap2/korea/home/spot_cooler_reflection_v8.webp?rev=9b8109ec90214ca38ede2210846a84b1","spot_cooler_reflection_v8.webp"
"4세대 정품무한 잉크젯","South Korea","Brother Korea","Banner / Campaign","https://www.brother-korea.com/-/media/ap2/korea/hubpage/750250business_microsite-kv.jpg?rev=920e131263044bb1b84dbcadf4e69292","750250business_microsite-kv.jpg"
"브라더 프로테이프 페이지 바로 가기","South Korea","Brother Korea","Marketing Asset","https://www.brother-korea.com/-/media/ap2/korea/products/labeller/labellers/01_photobox_800x480_02/network-infra_pc.webp?rev=69c619b8ab81417989d33176255ecc9f","network-infra_pc.webp"
"전기 기사용 튜브 넘버링기","South Korea","Brother Korea","Product Image","https://www.brother-korea.com/-/media/ap2/korea/hubpage/tube-printer_pc/1500500tube-printer_pc.jpg?rev=d78f2c46ba934b5e9d97548a376b26d2","1500500tube-printer_pc.jpg"
"GTX 자수 옵션 DTE 알아보기","South Korea","Brother Korea","Marketing Asset","https://www.brother-korea.com/-/media/ap2/korea/hubpage/gtx-dte-pc/gtx-dte-750250highlight.jpg?rev=56091176af1d435a987fad847650d415","gtx-dte-750250highlight.jpg"
"브라더 프린터 관리 솔루션","South Korea","Brother Korea","Marketing Asset","https://www.brother-korea.com/-/media/ap2/korea/home/top-page_solutions_540x292px.webp?h=292&amp;iar=0&amp;w=540&amp;rev=a7142268182f4a9e8aaab916699cf1d6","top-page_solutions_540x292px.webp"
"모바일 &amp; 클라우드 솔루션","South Korea","Brother Korea","Marketing Asset","https://www.brother-korea.com/-/media/ap2/korea/home/top-page_-solutions_mobilecloud.webp?h=292&amp;iar=0&amp;w=540&amp;rev=275f4d90fc0f43b6a4e749f484ee1207","top-page_-solutions_mobilecloud.webp"
"브라더 라벨링 솔루션","South Korea","Brother Korea","Marketing Asset","https://www.brother-korea.com/-/media/ap2/korea/home/top-page_solutions_540x292px-(1).webp?h=292&amp;iar=0&amp;w=540&amp;rev=76a625746dd8404087a4c3aa8e91efd5","top-page_solutions_540x292px-(1).webp"
"브라더 모바일 프린팅 솔루션","South Korea","Brother Korea","Marketing Asset","https://www.brother-korea.com/-/media/ap2/korea/home/top-page_solutions_540x292px-(2).webp?h=292&amp;iar=0&amp;w=540&amp;rev=4fa939cd8d9f4c97acc371cf90eea7b0","top-page_solutions_540x292px-(2).webp"
"naver","South Korea","Brother Korea","Icon / UI","https://www.brother-korea.com/-/media/themes/apweb/global/global-lite/images/icons/naver.png?h=12&amp;iar=0&amp;w=12&amp;rev=b6701fa6525847cbb1061c2a0bae3d6a","naver.png"
"youtube","South Korea","Brother Korea","Icon / UI","https://www.brother-korea.com/-/media/themes/apweb/global/global-lite/images/icons/youtube.svg?iar=0&amp;rev=-1","youtube.svg"
"instagram","South Korea","Brother Korea","Icon / UI","https://www.brother-korea.com/-/media/themes/apweb/global/global-lite/images/icons/instagram.svg?iar=0&amp;rev=-1","instagram.svg"
"brother_facebook_icon","South Korea","Brother Korea","Icon / UI","https://www.brother-korea.com/-/media/themes/apweb/global/global-lite/images/facebook.svg?iar=0&amp;rev=-1","facebook.svg"
"linkedin","South Korea","Brother Korea","Icon / UI","https://www.brother-korea.com/-/media/themes/apweb/global/global-lite/images/icons/linkedin.svg?iar=0&amp;rev=-1","linkedin.svg"
"flag","South Korea","Brother Korea","Marketing Asset","https://www.brother-korea.com/-/media/themes/apweb/global/global-lite/images/flags/bick.png?h=28&amp;iar=0&amp;w=28&amp;rev=0eca6cf0e59b4e6e81381d0620cc5c81","bick.png"
"mfc-t930dw_dbmo","South Korea","Brother Korea","Banner / Campaign","https://www.brother-korea.com/-/media/ap2/korea/hubpage/1920720business_microsite-kv/tube-printer_mo/640480-labelling-solution1920720_labelsolutiontd-situ-medical_97/mfc-t930dw_dbmo.jpg?rev=9991e5a296c242198fe47992894870fc","mfc-t930dw_dbmo.jpg"
"gtx_hub_banner_mo_600x400","South Korea","Brother Korea","Banner / Campaign","https://www.brother-korea.com/-/media/ap2/korea/hubpage/gtx-sample-600400/gtx_hub_banner_mo_600x400.jpg?rev=75669d8312bc4982b94469d854acf0dc","gtx_hub_banner_mo_600x400.jpg"
"600x400_mo","South Korea","Brother Korea","Marketing Asset","https://www.brother-korea.com/-/media/ap2/korea/hubpage/600x400_mo.jpg?rev=15c879dfc6f74aa9855123f0db4375f3","600x400_mo.jpg"
"printeeer","South Korea","Brother Korea","Marketing Asset","https://www.brother-korea.com/-/media/ap2/korea/home/printeeer.webp?rev=e94bfde964994bc2af6fe01a216796d9","printeeer.webp"
"scanner","South Korea","Brother Korea","Product Image","https://www.brother-korea.com/-/media/ap2/korea/home/scanner.webp?rev=0c177f0261564792a37b0c08965a72cc","scanner.webp"
"exp-mobile","South Korea","Brother Korea","Marketing Asset","https://www.brother-korea.com/-/media/ap2/korea/home/exp-mobile.webp?rev=465280f2deb44f4aa2500989a5bc6f4a","exp-mobile.webp"
"exp-labelprinter","South Korea","Brother Korea","Product Image","https://www.brother-korea.com/-/media/ap2/korea/home/exp-labelprinter.webp?rev=039faf1850ac4a269d3c4285b545cfb5","exp-labelprinter.webp"
"exp-fax","South Korea","Brother Korea","Marketing Asset","https://www.brother-korea.com/-/media/ap2/korea/home/exp-fax.webp?rev=ec361074b6ea413c85819812a331a540","exp-fax.webp"
"exp-gtx","South Korea","Brother Korea","Marketing Asset","https://www.brother-korea.com/-/media/ap2/korea/home/exp-gtx.webp?rev=731fcb4165ce4d569d6ea365b3d29081","exp-gtx.webp"
"exp-gtr","South Korea","Brother Korea","Marketing Asset","https://www.brother-korea.com/-/media/ap2/korea/home/exp-gtr.webp?rev=90b2f23015074feba37fb55834c243d7","exp-gtr.webp"
"spot_cooler_reflection_v8_mobile","South Korea","Brother Korea","Marketing Asset","https://www.brother-korea.com/-/media/ap2/korea/home/spot_cooler_reflection_v8_mobile.webp?rev=db6121933a6c455bb6ea72a0dbd8d85a","spot_cooler_reflection_v8_mobile.webp"
"mo_mini21htbusiness_microsite-kv-(4)","South Korea","Brother Korea","Banner / Campaign","https://www.brother-korea.com/-/media/ap2/korea/hubpage/mo_mini21htbusiness_microsite-kv-(4).jpg?rev=ca373e16210e43489704fc8161370dfe","mo_mini21htbusiness_microsite-kv-(4).jpg"
"network-infra_mo","South Korea","Brother Korea","Marketing Asset","https://www.brother-korea.com/-/media/ap2/korea/hubpage/network-infra_mo.jpg?rev=461d9b267df1414e96370ba07af89f30","network-infra_mo.jpg"
"600400tube-printer_mo","South Korea","Brother Korea","Product Image","https://www.brother-korea.com/-/media/ap2/korea/hubpage/600400tube-printer_mo.jpg?rev=932598689f1a4ca4b4274109be3af290","600400tube-printer_mo.jpg"
"gtx-sample-600400","South Korea","Brother Korea","Marketing Asset","https://www.brother-korea.com/-/media/ap2/korea/hubpage/gtx-sample-600400.jpg?rev=278cd81da00d4509a5769a0b4a910953","gtx-sample-600400.jpg"
"top-page_solutions_540x292px","South Korea","Brother Korea","Marketing Asset","https://www.brother-korea.com/-/media/ap2/korea/home/top-page_solutions_540x292px.webp?rev=a7142268182f4a9e8aaab916699cf1d6","top-page_solutions_540x292px.webp"
"top-page_-solutions_mobilecloud","South Korea","Brother Korea","Marketing Asset","https://www.brother-korea.com/-/media/ap2/korea/home/top-page_-solutions_mobilecloud.webp?rev=275f4d90fc0f43b6a4e749f484ee1207","top-page_-solutions_mobilecloud.webp"
"top-page_solutions_540x292px-(1)","South Korea","Brother Korea","Marketing Asset","https://www.brother-korea.com/-/media/ap2/korea/home/top-page_solutions_540x292px-(1).webp?rev=76a625746dd8404087a4c3aa8e91efd5","top-page_solutions_540x292px-(1).webp"
"top-page_solutions_540x292px-(2)","South Korea","Brother Korea","Marketing Asset","https://www.brother-korea.com/-/media/ap2/korea/home/top-page_solutions_540x292px-(2).webp?rev=4fa939cd8d9f4c97acc371cf90eea7b0","top-page_solutions_540x292px-(2).webp"
"Brother at your side","Indonesia","Brother Indonesia","Logo","https://www.brother.co.id/-/media/ap2/global/menu/logo.svg?rev=-1","logo.svg"
"search icon","Indonesia","Brother Indonesia","Icon / UI","https://www.brother.co.id/-/media/ap2/Global/Menu/search.svg","search.svg"
"hamburger icon","Indonesia","Brother Indonesia","Icon / UI","https://www.brother.co.id/-/media/ap2/Global/Menu/hamburger.svg","hamburger.svg"
"left-white-arrow","Indonesia","Brother Indonesia","Icon / UI","https://www.brother.co.id/-/media/ap2/Global/Menu/left-white-arrow.sgv","left-white-arrow.sgv"
"white-close","Indonesia","Brother Indonesia","Marketing Asset","https://www.brother.co.id/-/media/ap2/Global/Menu/white-close.svg","white-close.svg"
"close","Indonesia","Brother Indonesia","Marketing Asset","https://www.brother.co.id/-/media/ap2/Global/Menu/close.svg","close.svg"
"Printer","Indonesia","Brother Indonesia","Product Image","https://www.brother.co.id/-/media/ap2/indonesia/menu/t920dw.png?rev=0cfab3e0ba7649ebb2204b5833c51c81","t920dw.png"
"Scanners","Indonesia","Brother Indonesia","Product Image","https://www.brother.co.id/-/media/ap2/indonesia/menu/ads4300n.png?rev=1c58b0b76959423186cedf7db875f388","ads4300n.png"
"Mesin Label","Indonesia","Brother Indonesia","Product Image","https://www.brother.co.id/-/media/ap2/indonesia/menu/ql800.png?rev=5165c890f887462298f983f1db81c8b2","ql800.png"
"Mesin Jahit","Indonesia","Brother Indonesia","Marketing Asset","https://www.brother.co.id/-/media/ap2/indonesia/menu/nv-180d.png?rev=7652fae0c09c44f2a716bb6a889b921d","nv-180d.png"
"Mesin Bordir Profesional","Indonesia","Brother Indonesia","Marketing Asset","https://www.brother.co.id/-/media/ap2/indonesia/menu/pr1055x.png?rev=99452a356e244f23934f753bb313c0bb","pr1055x.png"
"Promo Terbaru","Indonesia","Brother Indonesia","Marketing Asset","https://www.brother.co.id/-/media/ap2/global/menu/latest-promo.png?rev=-1","latest-promo.png"
"Driver Updates","Indonesia","Brother Indonesia","Icon / UI","https://www.brother.co.id/-/media/ap2/global/menu/download-icon.png?rev=-1","download-icon.png"
"Home Banner_1920x720px_Hires","Indonesia","Brother Indonesia","Banner / Campaign","https://www.brother.co.id/-/media/ap2/indonesia/homepage/idc2025_2026_home-banner_1920x720px_hires.webp?rev=d214f524b30d4dad934641d43cbe4520","idc2025_2026_home-banner_1920x720px_hires.webp"
"Brother Extra Reward","Indonesia","Brother Indonesia","Banner / Campaign","https://www.brother.co.id/-/media/ap2/indonesia/homepage/big-banner-desktop--1920x720px-1oct.jpg?rev=cca456a7c8464d779883cc0dc37a2ea5","big-banner-desktop--1920x720px-1oct.jpg"
"Printer &amp; Multifungsi","Indonesia","Brother Indonesia","Product Image","https://www.brother.co.id/-/media/ap2/indonesia/homepage/printer-ink-tank.png?h=300&amp;iar=0&amp;w=300&amp;rev=be46ab08525543838218420dd1554d2c","printer-ink-tank.png"
"Printer Laser","Indonesia","Brother Indonesia","Product Image","https://www.brother.co.id/-/media/ap2/indonesia/homepage/printer-laser.png?h=300&amp;iar=0&amp;w=300&amp;rev=e47428a069cf4378903d84edd083d071","printer-laser.png"
"Document Scanner","Indonesia","Brother Indonesia","Product Image","https://www.brother.co.id/-/media/ap2/indonesia/homepage/document-scanner.png?h=300&amp;iar=0&amp;w=300&amp;rev=6d55061438584f6fa5b640127663cfca","document-scanner.png"
"Industrial Label Printer","Indonesia","Brother Indonesia","Product Image","https://www.brother.co.id/-/media/ap2/indonesia/homepage/industrial-label-printer.png?h=300&amp;iar=0&amp;w=300&amp;rev=6c3be1c956a2423f8a712ae60ad7ea63","industrial-label-printer.png"
"Home Label Printer","Indonesia","Brother Indonesia","Product Image","https://www.brother.co.id/-/media/ap2/indonesia/homepage/home-label-printer.png?h=300&amp;iar=0&amp;w=300&amp;rev=506f541f5e3b431899fb5501db68137d","home-label-printer.png"
"Mesin Bordir Profesional","Indonesia","Brother Indonesia","Marketing Asset","https://www.brother.co.id/-/media/ap2/indonesia/homepage/portable-sewing-machine.png?h=300&amp;iar=0&amp;w=300&amp;rev=6d62552d69b14090a79d320eee6cbbeb","portable-sewing-machine.png"
"Mesin Bordir Profesional","Indonesia","Brother Indonesia","Marketing Asset","https://www.brother.co.id/-/media/ap2/indonesia/homepage/embroidery-machine.png?h=300&amp;iar=0&amp;w=300&amp;rev=f2dbe821b9b142d086ee6c184da6234a","embroidery-machine.png"
"Toner  Ink","Indonesia","Brother Indonesia","Marketing Asset","https://www.brother.co.id/-/media/ap2/indonesia/homepage/toner--ink.png?h=300&amp;iar=0&amp;w=300&amp;rev=0294fbe66ea74bf3a4a269732ecb355b","toner--ink.png"
"brief-home-page-microsite-bicid-12","Indonesia","Brother Indonesia","Marketing Asset","https://www.brother.co.id/-/media/ap2/indonesia/homepage/brief-home-page-microsite-bicid-12.jpg?h=1000&amp;iar=0&amp;w=1500&amp;rev=9d82fd26d0754ac0ae84d1b52cd259ea","brief-home-page-microsite-bicid-12.jpg"
"brief-home-page-microsite-bicid-13","Indonesia","Brother Indonesia","Marketing Asset","https://www.brother.co.id/-/media/ap2/indonesia/homepage/brief-home-page-microsite-bicid-13.jpg?h=1000&amp;iar=0&amp;w=1500&amp;rev=738cc07a60b84be38033d73ceeba898a","brief-home-page-microsite-bicid-13.jpg"
"brief-home-page-microsite-bicid-14","Indonesia","Brother Indonesia","Marketing Asset","https://www.brother.co.id/-/media/ap2/indonesia/homepage/brief-home-page-microsite-bicid-14.jpg?h=934&amp;iar=0&amp;w=1400&amp;rev=86bd95954f494c159795deb785d6c637","brief-home-page-microsite-bicid-14.jpg"
"brief-home-page-microsite-bicid-15","Indonesia","Brother Indonesia","Marketing Asset","https://www.brother.co.id/-/media/ap2/indonesia/homepage/brief-home-page-microsite-bicid-15.jpg?h=1000&amp;iar=0&amp;w=1500&amp;rev=4c4de75f84794b2f84e7194a92eb6538","brief-home-page-microsite-bicid-15.jpg"
"brief-home-page-microsite-bicid-16","Indonesia","Brother Indonesia","Marketing Asset","https://www.brother.co.id/-/media/ap2/indonesia/homepage/brief-home-page-microsite-bicid-16.jpg?h=983&amp;iar=0&amp;w=1472&amp;rev=c285d9e3fa7345bdacbe93970f451b8b","brief-home-page-microsite-bicid-16.jpg"
"brother_facebook_icon","Indonesia","Brother Indonesia","Icon / UI","https://www.brother.co.id/-/media/themes/apweb/global/global-lite/images/facebook.svg?iar=0&amp;rev=-1","facebook.svg"
"twitter","Indonesia","Brother Indonesia","Icon / UI","https://www.brother.co.id/-/media/themes/apweb/global/global-lite/images/icons/twitter.svg?h=100&amp;iar=0&amp;w=100&amp;rev=-1","twitter.svg"
"instagram","Indonesia","Brother Indonesia","Icon / UI","https://www.brother.co.id/-/media/themes/apweb/global/global-lite/images/icons/instagram.svg?iar=0&amp;rev=-1","instagram.svg"
"linkedin","Indonesia","Brother Indonesia","Icon / UI","https://www.brother.co.id/-/media/themes/apweb/global/global-lite/images/icons/linkedin.svg?iar=0&amp;rev=-1","linkedin.svg"
"youtube","Indonesia","Brother Indonesia","Icon / UI","https://www.brother.co.id/-/media/themes/apweb/global/global-lite/images/icons/youtube.svg?iar=0&amp;rev=-1","youtube.svg"
"tiktok","Indonesia","Brother Indonesia","Icon / UI","https://www.brother.co.id/-/media/themes/apweb/global/global-lite/images/icons/tiktok.svg?iar=0&amp;rev=-1","tiktok.svg"
"BICID","Indonesia","Brother Indonesia","Marketing Asset","https://www.brother.co.id/-/media/themes/apweb/global/header-footer-theme/images/flags/bicid.png?h=24&amp;iar=0&amp;w=24&amp;rev=7e78423036634a918ea238400c0b4749","bicid.png"
"idc2025_2026_home-banner_mobile_640x480px_hires","Indonesia","Brother Indonesia","Banner / Campaign","https://www.brother.co.id/-/media/ap2/indonesia/homepage/idc2025_2026_home-banner_mobile_640x480px_hires.webp?rev=7d04339e8dc749dcbf6d08d991637297","idc2025_2026_home-banner_mobile_640x480px_hires.webp"
"big-banner-mobile--640x480px-1oct","Indonesia","Brother Indonesia","Banner / Campaign","https://www.brother.co.id/-/media/ap2/indonesia/homepage/big-banner-mobile--640x480px-1oct.jpg?rev=a6084ea22a934f8daa877494bfbb176d","big-banner-mobile--640x480px-1oct.jpg"
"printer-ink-tank","Indonesia","Brother Indonesia","Product Image","https://www.brother.co.id/-/media/ap2/indonesia/homepage/printer-ink-tank.png?rev=be46ab08525543838218420dd1554d2c","printer-ink-tank.png"
"printer-laser","Indonesia","Brother Indonesia","Product Image","https://www.brother.co.id/-/media/ap2/indonesia/homepage/printer-laser.png?rev=e47428a069cf4378903d84edd083d071","printer-laser.png"
"document-scanner","Indonesia","Brother Indonesia","Product Image","https://www.brother.co.id/-/media/ap2/indonesia/homepage/document-scanner.png?rev=6d55061438584f6fa5b640127663cfca","document-scanner.png"
"industrial-label-printer","Indonesia","Brother Indonesia","Product Image","https://www.brother.co.id/-/media/ap2/indonesia/homepage/industrial-label-printer.png?rev=6c3be1c956a2423f8a712ae60ad7ea63","industrial-label-printer.png"
"home-label-printer","Indonesia","Brother Indonesia","Product Image","https://www.brother.co.id/-/media/ap2/indonesia/homepage/home-label-printer.png?rev=506f541f5e3b431899fb5501db68137d","home-label-printer.png"
"portable-sewing-machine","Indonesia","Brother Indonesia","Marketing Asset","https://www.brother.co.id/-/media/ap2/indonesia/homepage/portable-sewing-machine.png?rev=6d62552d69b14090a79d320eee6cbbeb","portable-sewing-machine.png"
"embroidery-machine","Indonesia","Brother Indonesia","Marketing Asset","https://www.brother.co.id/-/media/ap2/indonesia/homepage/embroidery-machine.png?rev=f2dbe821b9b142d086ee6c184da6234a","embroidery-machine.png"
"toner--ink","Indonesia","Brother Indonesia","Marketing Asset","https://www.brother.co.id/-/media/ap2/indonesia/homepage/toner--ink.png?rev=0294fbe66ea74bf3a4a269732ecb355b","toner--ink.png"
"Brother at your side","Philippines","Brother Philippines","Logo","https://www.brother.com.ph/-/media/ap2/global/menu/logo.svg?rev=74b6da90ccc34b339b35490b0046e6fc","logo.svg"
"search icon","Philippines","Brother Philippines","Icon / UI","https://www.brother.com.ph/-/media/ap2/Global/Menu/search.svg","search.svg"
"hamburger icon","Philippines","Brother Philippines","Icon / UI","https://www.brother.com.ph/-/media/ap2/Global/Menu/hamburger.svg","hamburger.svg"
"left-white-arrow","Philippines","Brother Philippines","Icon / UI","https://www.brother.com.ph/-/media/ap2/Global/Menu/left-white-arrow.sgv","left-white-arrow.sgv"
"white-close","Philippines","Brother Philippines","Marketing Asset","https://www.brother.com.ph/-/media/ap2/Global/Menu/white-close.svg","white-close.svg"
"close","Philippines","Brother Philippines","Marketing Asset","https://www.brother.com.ph/-/media/ap2/Global/Menu/close.svg","close.svg"
"Printers","Philippines","Brother Philippines","Product Image","https://www.brother.com.ph/-/media/ap2/philippines/menu/t920dw.webp?rev=949a0ee0785e438e99da9d8473a0678e","t920dw.webp"
"Scanners","Philippines","Brother Philippines","Product Image","https://www.brother.com.ph/-/media/ap2/philippines/menu/ads3000n.webp?rev=d725f993f5354ee2bef3cbffead2cc34","ads3000n.webp"
"Labelling Machine","Philippines","Brother Philippines","Product Image","https://www.brother.com.ph/-/media/ap2/philippines/menu/ql800.webp?rev=9ba5e4cf61ae4647a4a093d8408a3ea3","ql800.webp"
"m380-menu-icon","Philippines","Brother Philippines","Icon / UI","https://www.brother.com.ph/-/media/ap2/philippines/menu/m380-menu-icon.jpg?rev=5195b18750b44180ba973ef27a896be4","m380-menu-icon.jpg"
"Professional Embroidery Machines","Philippines","Brother Philippines","Marketing Asset","https://www.brother.com.ph/-/media/ap2/philippines/menu/pr1055x.webp?rev=339528b42e554f5ba80bc736b0e9a3a8","pr1055x.webp"
"Cutting Machines","Philippines","Brother Philippines","Marketing Asset","https://www.brother.com.ph/-/media/ap2/philippines/menu/sdx1200.webp?rev=1598575e9c8042dab5c7940ea5c24bce","sdx1200.webp"
"Fax Machines","Philippines","Brother Philippines","Marketing Asset","https://www.brother.com.ph/-/media/ap2/philippines/menu/fax-2840.webp?rev=936ae663dae64932bdf62d5d345bfacf","fax-2840.webp"
"Spot Cooler","Philippines","Brother Philippines","Marketing Asset","https://www.brother.com.ph/-/media/ap2/philippines/menu/spot-cooler-menu.webp?rev=69002a5280ff46d9b8026c15ad27c7e3","spot-cooler-menu.webp"
"menu-promo-1","Philippines","Brother Philippines","Marketing Asset","https://www.brother.com.ph/-/media/ap2/global/menu/menu-promo-1.png?rev=aa44d6dcabe34d1a808433f3f492e4af","menu-promo-1.png"
"latest-promo","Philippines","Brother Philippines","Marketing Asset","https://www.brother.com.ph/-/media/ap2/global/menu/latest-promo.png?rev=092f0626e84a486cb0a35bb1294ddd2b","latest-promo.png"
"download-icon","Philippines","Brother Philippines","Icon / UI","https://www.brother.com.ph/-/media/ap2/global/menu/download-icon.png?rev=0b7c5f67da12480faf1a36abcfd8de0a","download-icon.png"
"BICP Website 0 Percent 920 x 720","Philippines","Brother Philippines","Marketing Asset","https://www.brother.com.ph/-/media/ap2/philippines/homepage/bicp-website-0-percent-920-x-720.jpg?rev=cbbd7f084f154119b4bcbef641d5dc93","bicp-website-0-percent-920-x-720.jpg"
"mini21-1920-x-720","Philippines","Brother Philippines","Marketing Asset","https://www.brother.com.ph/-/media/ap2/philippines/homepage/mini21-1920-x-720.webp?rev=782002344ddd4d54aa87e37ac9d27f7c","mini21-1920-x-720.webp"
"Green Project Desktop","Philippines","Brother Philippines","Marketing Asset","https://www.brother.com.ph/-/media/ap2/philippines/homepage/green-project-desktop.webp?rev=f9a1b883544c49b1bda2cfa9925a4282","green-project-desktop.webp"
"sp1-1920-x-720","Philippines","Brother Philippines","Marketing Asset","https://www.brother.com.ph/-/media/ap2/philippines/homepage/sp1-1920-x-720.webp?rev=696ac87df66c4540944430fbf6ffdb97","sp1-1920-x-720.webp"
"labeller-1920-x-720","Philippines","Brother Philippines","Marketing Asset","https://www.brother.com.ph/-/media/ap2/philippines/homepage/labeller-1920-x-720.webp?rev=24029869082349738ff0d13f9af35599","labeller-1920-x-720.webp"
"81f7eddc9a0943d190ee2499f13a421b","Philippines","Brother Philippines","Marketing Asset","https://www.brother.com.ph/-/media/81f7eddc9a0943d190ee2499f13a421b.png?as=0&h=300&w=300&rev=93392716e732470ca5582ebfb0246c48&hash=5882291A50580FA98B4A8C11B3BEA7D6","81f7eddc9a0943d190ee2499f13a421b.png"
"647ce3acb43e4a68b7c60386ad4d2157","Philippines","Brother Philippines","Marketing Asset","https://www.brother.com.ph/-/media/647ce3acb43e4a68b7c60386ad4d2157.png?as=0&h=301&w=301&rev=e62525a5270840c09536cc8d20db2e86&hash=622B4ADBDD3EC4B4EB718F2F3A65EDE9","647ce3acb43e4a68b7c60386ad4d2157.png"
"f0c93773729e4448ba94ac484ed0c3fb","Philippines","Brother Philippines","Marketing Asset","https://www.brother.com.ph/-/media/f0c93773729e4448ba94ac484ed0c3fb.png?as=0&h=300&w=300&rev=a9116bb650804b918571b93e423260a0&hash=3D4ADC7A3E5E67CB5A8924748864F903","f0c93773729e4448ba94ac484ed0c3fb.png"
"81455931bf0f40afa695f6f4f05965d9","Philippines","Brother Philippines","Marketing Asset","https://www.brother.com.ph/-/media/81455931bf0f40afa695f6f4f05965d9.png?as=0&h=300&w=300&rev=b250ebeeb43840f9b60788628555ed10&hash=4726B39A4B2C7FDCF674849B98C60532","81455931bf0f40afa695f6f4f05965d9.png"
"265d1a2efff146bbb9f0b0e695b2e127","Philippines","Brother Philippines","Marketing Asset","https://www.brother.com.ph/-/media/265d1a2efff146bbb9f0b0e695b2e127.png?as=0&h=301&w=301&rev=02ceb23cad934874a0d43ff5315c9d68&hash=6FCC0B03D518DECCE8AF34EF2C81523A","265d1a2efff146bbb9f0b0e695b2e127.png"
"4d59392b73604e6cb257f6543bcd0dfa","Philippines","Brother Philippines","Marketing Asset","https://www.brother.com.ph/-/media/4d59392b73604e6cb257f6543bcd0dfa.png?as=0&h=300&w=300&rev=9c8801acb4374af2aa4481ac510dd286&hash=A712819DB713729A56310233DDBCF0AD","4d59392b73604e6cb257f6543bcd0dfa.png"
"Brother fleet management solutions","Philippines","Brother Philippines","Marketing Asset","https://www.brother.com.ph/-/media/ap2/philippines/homepage/top-page_solutions_540x292px_1w.webp?iar=0&amp;rev=5baf24ae0af3437aaffc4279862878b9","top-page_solutions_540x292px_1w.webp"
"Brother embroidery solutions","Philippines","Brother Philippines","Marketing Asset","https://www.brother.com.ph/-/media/ap2/philippines/homepage/top-page_solutions_540x292px_2w.webp?iar=0&amp;rev=9a28abfedf3a476c981243c03b20d112","top-page_solutions_540x292px_2w.webp"
"Brother Labelling solutions","Philippines","Brother Philippines","Marketing Asset","https://www.brother.com.ph/-/media/ap2/philippines/homepage/top-page_solutions_540x292px_3w.webp?iar=0&amp;rev=5c358fdba5014e66a7cd51d0cfb0fa31","top-page_solutions_540x292px_3w.webp"
"Brother portable printing solutions","Philippines","Brother Philippines","Marketing Asset","https://www.brother.com.ph/-/media/ap2/philippines/homepage/top-page_solutions_540x292px_4w.webp?iar=0&amp;rev=8719b1b836a247df88501e1a11eb5d4a","top-page_solutions_540x292px_4w.webp"
"brother_facebook_icon","Philippines","Brother Philippines","Icon / UI","https://www.brother.com.ph/-/media/themes/apweb/global/global-lite/images/facebook.svg?iar=0&amp;rev=68a9d369e4304f7884e97590bafba35f","facebook.svg"
"twitter","Philippines","Brother Philippines","Icon / UI","https://www.brother.com.ph/-/media/themes/apweb/global/global-lite/images/icons/tiktok.svg?iar=0&amp;rev=7fcd41c0d09b48f386f8832bc9ac6afa","tiktok.svg"
"instagram","Philippines","Brother Philippines","Icon / UI","https://www.brother.com.ph/-/media/themes/apweb/global/global-lite/images/icons/instagram.svg?iar=0&amp;rev=5b2648b2849c4f1a9a0999afad1ec743","instagram.svg"
"linkedin","Philippines","Brother Philippines","Icon / UI","https://www.brother.com.ph/-/media/themes/apweb/global/global-lite/images/icons/linkedin.svg?iar=0&amp;rev=b43bc9549e6d44b0b40068415ef297e9","linkedin.svg"
"youtube","Philippines","Brother Philippines","Icon / UI","https://www.brother.com.ph/-/media/themes/apweb/global/global-lite/images/icons/youtube.svg?iar=0&amp;rev=87f2f2f637c14b80823f550b138ab231","youtube.svg"
"viber","Philippines","Brother Philippines","Icon / UI","https://www.brother.com.ph/-/media/themes/apweb/global/global-lite/images/icons/viber.svg?iar=0&amp;rev=eee2eb69581047aa89754ebd43980054","viber.svg"
"BICP","Philippines","Brother Philippines","Marketing Asset","https://www.brother.com.ph/-/media/themes/apweb/global/header-footer-theme/images/flags/bicp.png?h=28&amp;iar=0&amp;w=28&amp;rev=ae6267c1ee5b4811aeb5e585e6d6b295","bicp.png"
"corseal-v2","Philippines","Brother Philippines","Marketing Asset","https://www.brother.com.ph/-/media/ap2/philippines/menu/corseal-v2.webp?h=59&amp;iar=0&amp;w=32&amp;rev=0bc86a00185d467aa6ff1a0d33b5fbdf","corseal-v2.webp"
"bicp-website-0-percent-640-x-480","Philippines","Brother Philippines","Marketing Asset","https://www.brother.com.ph/-/media/ap2/philippines/homepage/bicp-website-0-percent-640-x-480.jpg?rev=b01c83feecec49baaa15f19665663c31","bicp-website-0-percent-640-x-480.jpg"
"mini21-640x480","Philippines","Brother Philippines","Marketing Asset","https://www.brother.com.ph/-/media/ap2/philippines/homepage/mini21-640x480.webp?rev=62009308613846aab4dcd26621856cda","mini21-640x480.webp"
"green-project-mobile","Philippines","Brother Philippines","Marketing Asset","https://www.brother.com.ph/-/media/ap2/philippines/homepage/green-project-mobile.webp?rev=18e45221a43e491dbd6254d25b3c0999","green-project-mobile.webp"
"sp1-640x480","Philippines","Brother Philippines","Marketing Asset","https://www.brother.com.ph/-/media/ap2/philippines/homepage/sp1-640x480.webp?rev=372b129c9ec140b2a18ecd99ea6e3760","sp1-640x480.webp"
"labeller-640x480","Philippines","Brother Philippines","Marketing Asset","https://www.brother.com.ph/-/media/ap2/philippines/homepage/labeller-640x480.webp?rev=08ccf6d7e8d8418f922a972dadca8ed7","labeller-640x480.webp"
"top-page_solutions_540x292px_1w","Philippines","Brother Philippines","Marketing Asset","https://www.brother.com.ph/-/media/ap2/philippines/homepage/top-page_solutions_540x292px_1w.webp?rev=5baf24ae0af3437aaffc4279862878b9","top-page_solutions_540x292px_1w.webp"
"top-page_solutions_540x292px_2w","Philippines","Brother Philippines","Marketing Asset","https://www.brother.com.ph/-/media/ap2/philippines/homepage/top-page_solutions_540x292px_2w.webp?rev=9a28abfedf3a476c981243c03b20d112","top-page_solutions_540x292px_2w.webp"
"top-page_solutions_540x292px_3w","Philippines","Brother Philippines","Marketing Asset","https://www.brother.com.ph/-/media/ap2/philippines/homepage/top-page_solutions_540x292px_3w.webp?rev=5c358fdba5014e66a7cd51d0cfb0fa31","top-page_solutions_540x292px_3w.webp"
"top-page_solutions_540x292px_4w","Philippines","Brother Philippines","Marketing Asset","https://www.brother.com.ph/-/media/ap2/philippines/homepage/top-page_solutions_540x292px_4w.webp?rev=8719b1b836a247df88501e1a11eb5d4a","top-page_solutions_540x292px_4w.webp"